,Ticker with options
0,RARE
1,RBA
2,RBBN
3,RBLX
4,RBOT
5,RBRK
6,RC
7,RCI
8,RCKT
9,RCUS
10,RDDT
11,RDFN
12,RDIV
13,RDNT
14,RDW
15,RDY
16,REAL
17,REET
18,REFR
19,REG
20,REGN
21,REI
22,RELY
23,REM
24,REPL
25,RETL
26,REVG
27,REXR
28,REYN
29,REZI
30,RF
31,RGA
32,RGEN
33,RGLD
34,RGNX
35,RGR
36,RICK
37,RIG
38,RIO
39,RIOT
40,RITM
41,RIVN
42,RJF
43,RKLB
44,RKT
45,RL
46,RLAY
47,RMAX
48,RMBL
49,RMBS
50,RMNI
51,RMR
52,ROAD
53,ROIC
54,ROIV
55,ROK
56,ROKU
57,ROL
58,ROM
59,ROOT
60,RPAY
61,RPD
62,RPG
63,RPM
64,RPRX
65,RPTX
66,RRC
67,RRGB
68,RRR
69,RSG
70,RSI
71,RSKD
72,RSP
73,RSPH
74,RSPN
75,RSPR
76,RTX
77,RUN
78,RVLV
79,RVMD
80,RWT
81,RWX
82,RXO
83,RXT
84,RY
85,RYAAY
86,RYAM
87,RYAN
88,RYLD
89,RYN
90,RYTM
91,S
92,SA
93,SAA
94,SABR
95,SAFE
96,SAGE
97,SAIC
98,SAM
99,SAN
100,SANA
101,SAND
102,SATS
103,SBGI
104,SBLK
105,SBRA
106,SBSI
107,SBSW
108,SBUX
109,SCCO
110,SCHA
111,SCHB
112,SCHC
113,SCHD
114,SCHE
115,SCHF
116,SCHG
117,SCHH
118,SCHK
119,SCHM
120,SCHO
121,SCHP
122,SCHR
123,SCHV
124,SCHW
125,SCHX
126,SCHZ
127,SCI
128,SCO
129,SCZ
130,SD
131,SDGR
132,SDIV
133,SDY
134,SE
135,SEDG
136,SEE
137,SEER
138,SEMR
139,SFIX
140,SFL
141,SFM
142,SFY
143,SGDM
144,SGHC
145,SGOL
146,SGRY
147,SHAK
148,SHCO
149,SHEL
150,SHEN
151,SHLS
152,SHO
153,SHOP
154,SHV
155,SHW
156,SHY
157,SHYF
158,SHYG
159,SID
160,SIG
161,SIGA
162,SII
163,SILJ
164,SILV
165,SIMO
166,SIRI
167,SIVR
168,SJB
169,SJM
170,SJNK
171,SKIL
172,SKM
173,SKX
174,SKY
175,SKYT
176,SKYW
177,SLB
178,SLDP
179,SLG
180,SLGN
181,SLI
182,SLM
183,SLN
184,SLNO
185,SLP
186,SLQD
187,SLRC
188,SLRN
189,SLV
190,SLVM
191,SM
192,SMAR
193,SMFG
194,SMH
195,SMMT
196,SMPL
197,SMR
198,SMRT
199,SMTC
200,SN
201,SNBR
202,SNCY
203,SNDL
204,SNDX
205,SNEX
206,SNOW
207,SNPS
208,SNSR
209,SNV
210,SO
211,SOBO
212,SOFI
213,SOLV
214,SON
215,SONO
216,SONY
217,SOXL
218,SOXQ
219,SOXX
220,SPAB
221,SPB
222,SPBO
223,SPDW
224,SPEM
225,SPG
226,SPGI
227,SPGP
228,SPHD
229,SPHQ
230,SPHY
231,SPIP
232,SPLB
233,SPLG
234,SPLV
235,SPMD
236,SPMO
237,SPNS
238,SPOT
239,SPR
240,SPSB
241,SPSC
242,SPSM
243,SPT
244,SPTI
245,SPTL
246,SPTM
247,SPTN
248,SPWH
249,SPXC
250,SPXL
251,SPXS
252,SPXU
253,SPY
254,SPYG
255,SPYI
256,SPYV
257,SPYX
258,SRAD
259,SRLN
260,SRPT
261,SRRK
262,SRVR
263,SSNC
264,SSP
265,SSRM
266,SST
267,SSTI
268,ST
269,STAA
270,STAG
271,STEP
272,STGW
273,STIP
274,STKS
275,STLA
276,STLD
277,STM
278,STNE
279,STNG
280,STOK
281,STPZ
282,STRL
283,STRO
284,STT
285,STWD
286,STX
287,STZ
288,SU
289,SUI
290,SUM
291,SUN
292,SUPN
293,SUSA
294,SUSL
295,SVAL
296,SVC
297,SVOL
298,SW
299,SWAN
300,SWBI
301,SWI
302,SWK
303,SWKS
304,SWTX
305,SWX
306,SXC
307,SYK
308,SYLD
309,SYM
310,SYNA
311,SYY
312,T
313,TAK
314,TAN
315,TAP
316,TARS
317,TASK
318,TBBK
319,TBLA
320,TBRG
321,TCMD
322,TCOM
323,TCPC
324,TDC
325,TDG
326,TDOC
327,TDS
328,TEAM
329,TECL
330,TEF
331,TENB
332,TERN
333,TEVA
334,TFC
335,TFII
336,TFIN
337,TFLO
338,TFSL
339,TG
340,TGI
341,TGS
342,TGT
343,TGTX
344,TH
345,THC
346,THCH
347,THNQ
348,THO
349,TIGO
350,TIGR
351,TIMB
352,TIP
353,TITN
354,TIXT
355,TJX
356,TKO
357,TKR
358,TLH
359,TLS
360,TLT
361,TLYS
362,TMDX
363,TMF
364,TMFC
365,TMHC
366,TMO
367,TMUS
368,TNDM
369,TNET
370,TNGX
371,TPH
372,TPL
373,TPR
374,TPX
375,TQQQ
376,TRC
377,TREE
378,TREX
379,TRGP
380,TRI
381,TRIN
382,TRIP
383,TRML
384,TRN
385,TRNO
386,TROW
387,TROX
388,TRP
389,TRUE
390,TRV
391,TRVG
392,TSE
393,TSEM
394,TSLA
395,TSLL
396,TSLX
397,TSLY
398,TSM
399,TT
400,TTC
401,TTD
402,TTEC
403,TTEK
404,TTI
405,TTWO
406,TU
407,TUA
408,TUR
409,TV
410,TVTX
411,TW
412,TWLO
413,TWO
414,TWST
415,TXG
416,TXN
417,TXRH
418,TXT
419,TYD
420,TYL
421,U
422,UA
423,UAA
424,UAL
425,UAN
426,UBER
427,UBOT
428,UBSI
429,UBT
430,UCB
431,UCO
432,UCTT
433,UDMY
434,UDOW
435,UDR
436,UEC
437,UEIC
438,UFI
439,UGI
440,UGL
441,UGP
442,UGRO
443,UHS
444,UHT
445,UIS
446,UL
447,ULCC
448,ULTA
449,UNFI
450,UNG
451,UNH
452,UNL
453,UNM
454,UNP
455,UPBD
456,UPLD
457,UPRO
458,UPS
459,UPST
460,UPWK
461,URA
462,URBN
463,URI
464,URNJ
465,URNM
466,USAC
467,USB
468,USCI
469,USD
470,USFD
471,USFR
472,USHY
473,USIG
474,USO
475,USRT
476,USXF
477,UTEN
478,UTHR
479,UTZ
480,UUP
481,UUUU
482,UVE
483,UVV
484,UWM
485,UWMC
486,V
487,VAC
488,VAL
489,VALE
490,VB
491,VBK
492,VBR
493,VCEL
494,VCIT
495,VCLT
496,VCR
497,VCSH
498,VCYT
499,VDC
500,VDE
501,VEA
502,VECO
503,VEEV
504,VERA
505,VERV
506,VET
507,VEU
508,VFC
509,VFH
510,VFMF
511,VFMO
512,VFVA
513,VGIT
514,VGK
515,VGLT
516,VGSH
517,VGT
518,VHT
519,VIAV
520,VICI
521,VIG
522,VIGI
523,VIOG
524,VIOO
525,VIOV
526,VIPS
527,VIR
528,VIRT
529,VIS
530,VLUE
531,VLY
532,VMC
533,VNDA
534,VNET
535,VNQ
536,VNQI
537,VNT
538,VO
539,VOD
540,VOE
541,VONG
542,VOO
543,VOOG
544,VOOV
545,VOT
546,VOX
547,VRN
548,VRNA
549,VRNS
550,VRNT
551,VRP
552,VRRM
553,VRSN
554,VRT
555,VRTX
556,VSCO
557,VSH
558,VSS
559,VST
560,VSTO
561,VSTS
562,VT
563,VTC
564,VTHR
565,VTI
566,VTIP
567,VTLE
568,VTR
569,VTRS
570,VTS
571,VTV
572,VTWG
573,VTYX
574,VUG
575,VUSB
576,VV
577,VVV
578,VWO
579,VWOB
580,VXF
581,VXUS
582,VXX
583,VYGR
584,VYM
585,VYMI
586,VYX
587,VZ
588,WAB
589,WAL
590,WB
591,WBA
592,WBD
593,WBS
594,WBTN
595,WCBR
596,WCLD
597,WDAY
598,WDC
599,WEAV
600,WEBL
601,WEC
602,WELL
603,WEN
604,WFC
605,WFRD
606,WGS
607,WH
608,WHD
609,WHR
610,WING
611,WIX
612,WK
613,WM
614,WMS
615,WNC
616,WOLF
617,WOOF
618,WOR
619,WOW
620,WRB
621,WSC
622,WSM
623,WTRG
624,WU
625,WVE
626,WWW
627,WY
628,WYNN
629,X
630,XBI
631,XEL
632,XERS
633,XES
634,XHR
635,XLB
636,XLC
637,XLE
638,XLF
639,XLI
640,XLK
641,XLP
642,XLRE
643,XLU
644,XLV
645,XLY
646,XME
647,XMHQ
648,XMTR
649,XOM
650,XOP
651,XPEV
652,XPRO
653,XRT
654,XRX
655,XSOE
656,XSVM
657,XVV
658,XYL
659,XYLD
660,YALA
661,YCL
662,YELP
663,YETI
664,YEXT
665,YINN
666,YMAB
667,YMAX
668,YMM
669,YORW
670,YOU
671,YPF
672,YRD
673,YUM
674,YUMC
675,YY
676,YYY
677,Z
678,ZBH
679,ZBRA
680,ZD
681,ZETA
682,ZG
683,ZI
684,ZIM
685,ZION
686,ZIP
687,ZLAB
688,ZM
689,ZNTL
690,ZROZ
691,ZS
692,ZTO
693,ZTS
694,ZUO
695,ZVIA
696,ZVRA
697,ZYME
698,RH
699,COP
700,AIR
701,ARIS
702,EOG
703,LUNG
704,NDAQ
705,RCL
706,TNK
707,TOL
708,TOST
709,TPB
710,TPC
711,UTI
712,VIST
713,VITL
714,VIV
715,VKTX
716,VLN
717,VLO
718,VLRS
719,VLTO
720,BAB
721,BEAM
722,AAP
723,CALX
724,CCI
725,CCJ
726,CCL
727,CMP
728,CVI
729,DG
730,DJD
731,ECL
732,FDP
733,GDOT
734,HDB
735,HL
736,HRB
737,HYEM
738,IDT
739,IHDG
740,ITCI
741,JXN
742,MAC
743,MDT
744,MTG
745,NXT
746,OLO
747,OLP
748,PCAR
749,PEY
750,PFC
751,PFE
752,PFF
753,PFFA
754,PLYM
755,RGLS
756,RNG
757,SQ
758,SR
759,TRMB
760,USNA
761,VPU
762,TNL
763,DDD
764,DFIS
765,WCN
766,BITQ
767,AMBP
768,RMD
769,LEU
770,BHLB
771,EDIT
772,ENB
773,GRMN
774,K
775,LUV
776,MET
777,TER
778,WRBY
779,BFOR
780,ALRS
781,AGS
782,ACLX
783,FNCL
784,XSD
785,ACIO
786,REPX
787,ROBT
788,RXRX
789,PTH
790,PYCR
791,AI
792,CNX
793,IWMY
794,ADC
795,EQX
796,BXMT
797,BXP
798,CERS
799,CRDO
800,CWEN
801,EFA
802,EPI
803,EPM
804,ERIC
805,FLNC
806,GFI
807,HMY
808,HRL
809,IIPR
810,IRBT
811,ITUB
812,KKR
813,LEG
814,BEN
815,MIR
816,NEXT
817,NNN
818,NOBL
819,DVAX
820,OCUL
821,OPRA
822,PK
823,PRU
824,PTLO
825,DEO
826,QFIN
827,ARCT
828,ASLE
829,KC
830,EVLV
831,G
832,ROBO
833,MXCT
834,SKIN
835,RPV
836,XLG
837,RVNC
838,RWAY
839,LTC
840,SKT
841,GXC
842,ESE
843,MOFG
844,NATR
845,HEWJ
846,PSEP
847,RSPG
848,XMLV
849,XMVM
850,FXZ
851,ACWV
852,AIRR
853,AMZA
854,ARKB
855,AROW
856,CVLG
857,DM
858,EBIZ
859,ENVX
860,BCD
861,ESPO
862,BDRY
863,EXC
864,FHN
865,GEL
866,GHI
867,IEUR
868,KRMA
869,MTW
870,MTCH
871,NUSC
872,PLTK
873,PL
874,SOYB
875,SMCI
876,SPTS
877,SRET
878,CRNC
879,SRE
880,SUSB
881,TBIL
882,TM
883,UTWO
884,VC
885,WTMF
886,EQAL
887,GSL
888,MOMO
889,PBE
890,SCHY
891,ES
892,XSMO
893,HNDL
894,IRS
895,IPI
896,LCID
897,MTTR
898,OUSA
899,PRAA
900,PLL
901,RSPF
902,SDVY
903,SLVP
904,SNPE
905,STHO
906,SOL
907,TORO
908,TX
909,UMDD
910,VFQY
911,VMEO
912,HIGH
913,TLRY
914,FQAL
915,FSMB
916,MDIV
917,LMBS
918,OPRT
919,TNYA
920,CGGR
921,IVLU
922,GNK
923,HRTX
924,IJS
925,MP
926,NIU
927,RWJ
928,SIL
929,SLYV
930,VSGX
931,VCEB
932,ABEV
933,AR
934,ADM
935,AIQ
936,ARR
937,ATER
938,AXP
939,CIO
940,CRBU
941,DX
942,GGB
943,INDI
944,IMPP
945,KEY
946,LEVI
947,MSTY
948,NVAX
949,OHI
950,PPBT
951,QQQJ
952,SFYX
953,SPGM
954,SKLZ
955,UBS
956,SSYS
957,TME
958,TNA
959,TSN
960,UMC
961,VPL
962,VSAT
963,WTI
964,TRMD
965,VTWO
966,WES
967,XP
968,ZH
969,AAOI
970,BIRD
971,AOA
972,AOR
973,C
974,ARKW
975,BLOK
976,FN
977,GPRK
978,CL
979,MOD
980,OPAL
981,CRMD
982,XRAY
983,GNW
984,HOOD
985,NG
986,NXE
987,OPI
988,PBF
989,PHO
990,PRTS
991,RLX
992,SSO
993,TAL
994,TD
995,WSR
996,WGMI
997,WMB
998,WPC
999,EFV
1000,FATE
1001,KR
1002,OCSL
1003,EFC
1004,ENS
1005,FOUR
1006,KBR
1007,W
1008,BANC
1009,M
1010,MLI
1011,NABL
1012,NTAP
1013,NWL
1014,PSX
1015,SNAP
1016,SYF
1017,TEX
1018,MCO
1019,BRCC
1020,ALB
1021,BMBL
1022,CEPU
1023,GASS
1024,GEVO
1025,MASS
1026,PACB
1027,SRG
1028,VERX
1029,EPP
1030,SPHR
1031,ADNT
1032,DUK
1033,FEZ
1034,FUBO
1035,GNRC
1036,IHS
1037,KAR
1038,NXRT
1039,QTWO
1040,STXS
1041,XPO
1042,OLN
1043,HPQ
1044,BAP
1045,PGF
1046,PUMP
1047,THR
1048,CRC
1049,IOSP
1050,STE
1051,ATSG
1052,DPST
1053,IBN
1054,MCY
1055,MTRX
1056,PSFE
1057,TECK
1058,WEAT
1059,WPM
1060,ALE
1061,AUDC
1062,BIIB
1063,ACM
1064,ALG
1065,APEI
1066,BBIN
1067,BRKL
1068,BTAL
1069,BUSE
1070,CASS
1071,EWX
1072,FARM
1073,FBK
1074,FDT
1075,FNLC
1076,FXU
1077,GEM
1078,GRC
1079,GRN
1080,HCI
1081,JVAL
1082,KAI
1083,KRYS
1084,LCTU
1085,LE
1086,LVHI
1087,MLN
1088,MNTK
1089,NX
1090,OBK
1091,OILK
1092,OPY
1093,ORGO
1094,PSMT
1095,QCRH
1096,QRHC
1097,RFV
1098,RLJ
1099,RSVR
1100,RUSHA
1101,RZV
1102,SAH
1103,SASR
1104,SCSC
1105,SIBN
1106,SIXG
1107,SPDN
1108,SPVU
1109,SXT
1110,TMCI
1111,TOWN
1112,TRMK
1113,TRNS
1114,UHAL
1115,ULS
1116,URGN
1117,URTY
1118,VRA
1119,VSEC
1120,VTEX
1121,VVX
1122,ZGN
1123,ASGN
1124,AVMU
1125,BIO
1126,BOKF
1127,ASTE
1128,ASTL
1129,DH
1130,AMTB
1131,BY
1132,CATY
1133,CBT
1134,CCNE
1135,CLW
1136,HLLY
1137,CNNE
1138,COGT
1139,CSV
1140,BLFY
1141,EFSC
1142,FORR
1143,NGVT
1144,NRC
1145,WSBF
1146,ZEUS
1147,BLKB
1148,BGNE
1149,CACC
1150,CBL
1151,CENT
1152,CHCO
1153,CRVL
1154,CTOS
1155,CXT
1156,DBB
1157,DCOM
1158,DOOO
1159,EIG
1160,ENOV
1161,ESAB
1162,CYD
1163,FBMS
1164,FCBC
1165,FFBC
1166,CZNC
1167,FSBC
1168,GBCI
1169,GSBC
1170,HONE
1171,HTH
1172,IBCP
1173,IGF
1174,IRTC
1175,DFLV
1176,KIDS
1177,LIVN
1178,LNN
1179,LZB
1180,MCBS
1181,MMI
1182,MNRO
1183,MPB
1184,NBHC
1185,NEU
1186,NNI
1187,NOVT
1188,NPO
1189,OFG
1190,ORIC
1191,PFIS
1192,PRK
1193,PTVE
1194,SEAT
1195,SFST
1196,SIGI
1197,SMBK
1198,SNDR
1199,SPFI
1200,SRCE
1201,STBA
1202,SXI
1203,TCBK
1204,TECX
1205,THRM
1206,THRY
1207,TXNM
1208,UFPT
1209,USPH
1210,VINP
1211,VPG
1212,VRE
1213,WSBC
1214,WTBA
1215,ZUMZ
1216,DRH
1217,KT
1218,EQNR
1219,FDRR
1220,FPXI
1221,FXH
1222,GCMG
1223,GMF
1224,HURN
1225,IBOC
1226,IVOL
1227,MLTX
1228,MORN
1229,MVV
1230,MYRG
1231,NIO
1232,PBP
1233,LPRO
1234,LGLV
1235,VVI
1236,MGIC
1237,IBND
1238,IWX
1239,WDIV
1240,WLDN
1241,WLKP
1242,PSO
1243,GGG
1244,KMX
1245,STN
1246,AME
1247,COOK
1248,MDU
1249,QRVO
1250,SCS
1251,TDW
1252,VIK
1253,APTV
1254,SSL
1255,GFF
1256,HOMB
1257,PCEF
1258,PSR
1259,BEP
1260,GTN
1261,KVYO
1262,PLAB
1263,SG
1264,SSTK
1265,CATO
1266,IBIT
1267,NRG
1268,WMT
1269,CCOI
1270,CCU
1271,FBIN
1272,HXL
1273,NOG
1274,PDS
1275,PEB
1276,SQM
1277,SWIM
1278,UFCS
1279,VMI
1280,AGO
1281,ATRA
1282,FNKO
1283,CCCC
1284,CRCT
1285,EWA
1286,EWY
1287,GMS
1288,LGND
1289,OI
1290,PAM
1291,SMWB
1292,TALO
1293,ADUS
1294,ADV
1295,AIT
1296,AIZ
1297,ALNY
1298,ANDE
1299,AON
1300,ARW
1301,ASB
1302,ATO
1303,ATOM
1304,ATR
1305,AVA
1306,AVDE
1307,AVEM
1308,AVLV
1309,AVSC
1310,AVY
1311,AXS
1312,AVIR
1313,BBAX
1314,BBEU
1315,BBJP
1316,BBSI
1317,BDC
1318,BFAM
1319,BFST
1320,BKNG
1321,BKU
1322,BMA
1323,BMI
1324,BMRC
1325,BOND
1326,BOOT
1327,BRBR
1328,BSAC
1329,BSIG
1330,BSY
1331,BTDR
1332,ABG
1333,ABM
1334,AMP
1335,AN
1336,ASH
1337,CAAP
1338,CASH
1339,CBOE
1340,CBSH
1341,CBU
1342,CDW
1343,CFR
1344,CHH
1345,CLOU
1346,CM
1347,CMI
1348,CNO
1349,CMA
1350,COM
1351,CPAY
1352,CRBG
1353,CRH
1354,CSL
1355,CTS
1356,CVBF
1357,CW
1358,CWI
1359,DAPP
1360,DAY
1361,DBEF
1362,DCI
1363,DES
1364,DFAS
1365,DFAT
1366,DFAU
1367,DFAX
1368,DFIC
1369,DFIP
1370,DFUS
1371,DGRW
1372,DIOD
1373,DISV
1374,DLN
1375,DUHP
1376,DUSA
1377,EAGG
1378,ECPG
1379,EEMV
1380,EFG
1381,EFX
1382,EG
1383,EMGF
1384,EMLC
1385,ESGD
1386,EVTC
1387,EWP
1388,EWT
1389,EXPD
1390,FALN
1391,FBND
1392,FBT
1393,FCG
1394,FDLO
1395,FELE
1396,FERG
1397,FFIN
1398,FHI
1399,FINX
1400,FISI
1401,FIX
1402,FMS
1403,FND
1404,FPX
1405,FSMD
1406,FSS
1407,FTA
1408,FTC
1409,FTS
1410,FTSM
1411,FTV
1412,FUL
1413,FV
1414,FVD
1415,FWONK
1416,FXN
1417,FXO
1418,FXR
1419,FYX
1420,GAL
1421,GETY
1422,GFL
1423,GHYB
1424,GLOB
1425,GOLF
1426,GTLS
1427,GUNR
1428,GWW
1429,GWX
1430,H
1431,HEES
1432,HFWA
1433,HNRG
1434,HSIC
1435,HYLB
1436,HYMB
1437,HYZD
1438,IAI
1439,IAT
1440,ICF
1441,ICFI
1442,IDA
1443,IDVO
1444,IEV
1445,IEX
1446,IFRA
1447,IGE
1448,IGIB
1449,IGIC
1450,IGLB
1451,IGM
1452,IGRO
1453,IHF
1454,IHY
1455,IJJ
1456,IJK
1457,IJT
1458,ILCB
1459,IMTM
1460,IMXI
1461,INDB
1462,INFN
1463,IPAC
1464,IPAR
1465,IQLT
1466,ISTB
1467,IT
1468,ITT
1469,IVOV
1470,IWL
1471,IWO
1472,IWP
1473,IWY
1474,IYC
1475,IYG
1476,IYJ
1477,IYK
1478,IYZ
1479,JBBB
1480,JKHY
1481,JMBS
1482,JSML
1483,KFY
1484,KMT
1485,L
1486,LAD
1487,LANC
1488,KRG
1489,LCTD
1490,LILA
1491,LINE
1492,LNT
1493,LQDH
1494,LRGF
1495,MAA
1496,MDY
1497,MDYV
1498,MEDP
1499,MHK
1500,MKL
1501,MKSI
1502,MMSI
1503,MMTM
1504,MNA
1505,MPX
1506,MRTN
1507,MO
1508,MSB
1509,MTUS
1510,NANR
1511,NDSN
1512,NOAH
1513,OC
1514,OEF
1515,OGS
1516,ONEW
1517,ONEY
1518,OSBC
1519,PAG
1520,PBH
1521,PCH
1522,PDP
1523,PFM
1524,PGX
1525,PHG
1526,PHR
1527,PINK
1528,PKG
1529,PNFP
1530,PNQI
1531,POST
1532,POWL
1533,PRCT
1534,PSCE
1535,PTLC
1536,PTNQ
1537,QDEF
1538,QGRO
1539,QQEW
1540,QTEC
1541,QTUM
1542,RACE
1543,RDVY
1544,RELX
1545,RFG
1546,RHP
1547,RING
1548,RLY
1549,RM
1550,ROG
1551,ROP
1552,ROST
1553,RS
1554,RSPT
1555,RTO
1556,RVTY
1557,RWK
1558,RWL
1559,RWO
1560,RWR
1561,SAFT
1562,SANM
1563,SAP
1564,SBAC
1565,SDOG
1566,SECT
1567,SEM
1568,SF
1569,SFBS
1570,SFNC
1571,SHG
1572,SHM
1573,SITC
1574,SJW
1575,SKYY
1576,SLF
1577,SLYG
1578,SMB
1579,SMG
1580,SMLF
1581,SMOT
1582,SNA
1583,SNX
1584,SNY
1585,SPD
1586,SPIB
1587,SPMB
1588,SPXT
1589,SSB
1590,SSD
1591,TAC
1592,TDIV
1593,TDY
1594,TECH
1595,TEL
1596,TEN
1597,TFX
1598,TGNA
1599,THG
1600,TIPX
1601,TRU
1602,TRUP
1603,TSCO
1604,TTE
1605,UFPI
1606,UMH
1607,VAW
1608,VFMV
1609,VICR
1610,VMBS
1611,VNLA
1612,VONE
1613,VONV
1614,VRSK
1615,VTEB
1616,VTWV
1617,VZIO
1618,WABC
1619,WD
1620,WDS
1621,WFG
1622,WIT
1623,WLK
1624,WSO
1625,WST
1626,WTFC
1627,WWD
1628,XHB
1629,XHE
1630,XMMO
1631,XSW
1632,XT
1633,ZWS
1634,TOTL
1635,EXPO
1636,TPIC
1637,AMG
1638,GIB
1639,GRNT
1640,LKQ
1641,GABC
1642,KIE
1643,AER
1644,FSLY
1645,ASPN
1646,DV
1647,ELF
1648,SNN
1649,SPYD
1650,ADT
1651,AGNC
1652,BA
1653,BITO
1654,A
1655,AA
1656,ACA
1657,ACRE
1658,ACWI
1659,ADCT
1660,ADI
1661,ADMA
1662,ADP
1663,ADPT
1664,ADSK
1665,ADTN
1666,ADVM
1667,AEE
1668,AEG
1669,AEM
1670,AEO
1671,AEP
1672,AES
1673,AFCG
1674,AFG
1675,AFL
1676,AFMD
1677,AFRM
1678,AG
1679,AGCO
1680,AGG
1681,AGI
1682,AGIO
1683,AGL
1684,AGQ
1685,AGR
1686,AGX
1687,AHH
1688,AHT
1689,AIA
1690,CIFR
1691,AIG
1692,AIN
1693,AIRG
1694,AIV
1695,AJG
1696,AKAM
1697,AKRO
1698,AL
1699,ALAB
1700,ALC
1701,ALDX
1702,ALEC
1703,ALEX
1704,ALGM
1705,ALGN
1706,ALLY
1707,ALNT
1708,ALSN
1709,ALTM
1710,ALTR
1711,AMBC
1712,AMD
1713,AMED
1714,AMGN
1715,AMH
1716,AMLP
1717,AMLX
1718,AMPH
1719,AMPS
1720,UNIT
1721,AMX
1722,ANAB
1723,ANGI
1724,ANGL
1725,ANGO
1726,ANSS
1727,AOM
1728,AORT
1729,AOS
1730,AOSL
1731,APA
1732,APAM
1733,APD
1734,APG
1735,APH
1736,APLD
1737,APLE
1738,APLS
1739,APO
1740,APOG
1741,APP
1742,APPF
1743,APPN
1744,APPS
1745,AQN
1746,ARAY
1747,ARCB
1748,ARCC
1749,ARCO
1750,ARDX
1751,ARE
1752,ARES
1753,ARGT
1754,ARHS
1755,ARI
1756,ARKF
1757,ARKG
1758,ARKQ
1759,ARKX
1760,ARLO
1761,ARLP
1762,ARM
1763,ARMK
1764,ARQ
1765,ARQT
1766,ARRY
1767,ARTY
1768,ARVN
1769,ARWR
1770,AS
1771,ASAN
1772,ASEA
1773,ASIX
1774,ASML
1775,ASND
1776,ASO
1777,ASTH
1778,ASX
1779,ATAI
1780,ATAT
1781,ATEC
1782,ATEN
1783,ATGE
1784,ATHM
1785,ATI
1786,ATRC
1787,ATRO
1788,ATUS
1789,ATXS
1790,AU
1791,AUPH
1792,AUTL
1793,AVAV
1794,AVB
1795,AVD
1796,AVDL
1797,AVDV
1798,AVDX
1799,AVGE
1800,AVGO
1801,AVNS
1802,AVNW
1803,AVO
1804,AVPT
1805,AVRE
1806,AVT
1807,AVTE
1808,AVTR
1809,AVUS
1810,AVUV
1811,AVXL
1812,AWK
1813,AWR
1814,AXGN
1815,AXL
1816,AXON
1817,AXSM
1818,AXTA
1819,AXTI
1820,AY
1821,AZEK
1822,BABA
1823,BAC
1824,BAH
1825,BALL
1826,BAM
1827,BAND
1828,BANR
1829,BATRA
1830,BATRK
1831,BAX
1832,BB
1833,BBD
1834,BBDC
1835,BBIO
1836,BBUS
1837,BBVA
1838,BBW
1839,BBWI
1840,BBY
1841,BC
1842,BCAB
1843,BCC
1844,BCE
1845,BCI
1846,BCOV
1847,BCPC
1848,BCRX
1849,BCS
1850,BCSF
1851,BCYC
1852,BDN
1853,BDSX
1854,BDTX
1855,BDX
1856,BE
1857,BECN
1858,BEPC
1859,BERY
1860,BFH
1861,BFS
1862,BGC
1863,BGS
1864,BHC
1865,BHF
1866,BHP
1867,BHVN
1868,BIBL
1869,BIDU
1870,BIGC
1871,BIL
1872,BIPC
1873,BIRK
1874,BITB
1875,BITU
1876,BIV
1877,BIZD
1878,BJ
1879,BJRI
1880,BK
1881,BKCH
1882,BKH
1883,BKLC
1884,BKLN
1885,BKR
1886,BLBD
1887,BLDE
1888,BLDP
1889,BLDR
1890,BLFS
1891,BLK
1892,BLV
1893,BLX
1894,BLZE
1895,BMEA
1896,BMO
1897,BMRN
1898,BMY
1899,BN
1900,BND
1901,BNDW
1902,BNDX
1903,BNS
1904,BNTX
1905,BOH
1906,BOIL
1907,BOOM
1908,BOTZ
1909,BR
1910,BRDG
1911,BRO
1912,BROS
1913,BRX
1914,BRY
1915,BRZE
1916,BRZU
1917,BSET
1918,BSM
1919,BSV
1920,BSX
1921,BTBT
1922,BTCM
1923,BTE
1924,BTG
1925,BTI
1926,EWL
1927,HAL
1928,INTC
1929,LASR
1930,PNC
1931,AADI
1932,AAL
1933,AAON
1934,AAPL
1935,AAT
1936,AB
1937,ABCL
1938,ABEO
1939,ABNB
1940,ABR
1941,ABT
1942,ACAD
1943,ACB
1944,ACCD
1945,ACCO
1946,ACEL
1947,ACGL
1948,ACHC
1949,ACHR
1950,ACI
1951,ACIW
1952,ACLS
1953,ACMR
1954,ACN
1955,ACVA
1956,ADBE
1957,AGM
1958,AHCO
1959,ALGS
1960,ALHC
1961,ALIT
1962,ALK
1963,ALKS
1964,ALL
1965,ALLE
1966,ALLO
1967,ALT
1968,ALXO
1969,AM
1970,AMAT
1971,AMBA
1972,AMC
1973,AMCR
1974,AMCX
1975,AMDY
1976,AMKR
1977,AMN
1978,AMPL
1979,AMR
1980,AMRC
1981,AMRK
1982,AMSC
1983,AMT
1984,AMTM
1985,AMWD
1986,AMWL
1987,AMZN
1988,AMZY
1989,ANET
1990,ANF
1991,ANNX
1992,AOUT
1993,ARKK
1994,ARKO
1995,AROC
1996,ASHR
1997,ASHS
1998,ASTS
1999,ATKR
2000,AX
2001,AZN
2002,B
2003,BARK
2004,BASE
2005,BEKE
2006,BFLY
2007,BGFV
2008,BILI
2009,BILL
2010,BILS
2011,BIOX
2012,BIP
2013,BKD
2014,BL
2015,BLCO
2016,BLD
2017,BLMN
2018,BNL
2019,BNO
2020,BOC
2021,BOX
2022,BP
2023,BPMC
2024,BPOP
2025,BTU
2026,BUD
2027,BUG
2028,BUR
2029,BURL
2030,BV
2031,BVS
2032,BW
2033,BWA
2034,BWB
2035,BWMX
2036,BWXT
2037,BX
2038,BYD
2039,BYON
2040,BYRN
2041,BZ
2042,BZH
2043,BZUN
2044,CACI
2045,CADE
2046,CAG
2047,CAH
2048,CAKE
2049,CALF
2050,CALM
2051,CAMT
2052,CAPR
2053,CAR
2054,CARG
2055,CARR
2056,CARS
2057,CART
2058,CASY
2059,CAT
2060,CATH
2061,CAVA
2062,CB
2063,CBRE
2064,CBRL
2065,CC
2066,CCAP
2067,CCB
2068,CCCS
2069,CCRV
2070,CCSI
2071,CDE
2072,CDLX
2073,CDMO
2074,CDNA
2075,CDNS
2076,CDP
2077,CDXS
2078,CDZI
2079,CE
2080,CEG
2081,CEIX
2082,CELH
2083,CENN
2084,CENX
2085,CERT
2086,CEVA
2087,CF
2088,CFB
2089,CFFN
2090,CFG
2091,CFLT
2092,CG
2093,CGBD
2094,CGDV
2095,CGEM
2096,CGNT
2097,CGNX
2098,CHAT
2099,CHCT
2100,CHD
2101,CHDN
2102,CHEF
2103,CHGG
2104,CHKP
2105,CHRD
2106,CHRS
2107,CHRW
2108,CHTR
2109,CHX
2110,CI
2111,CIB
2112,CIBR
2113,CIEN
2114,CIG
2115,CIM
2116,CINF
2117,CIVI
2118,CLAR
2119,CLBT
2120,CLDT
2121,CLDX
2122,CLF
2123,CLFD
2124,CLGN
2125,CLH
2126,CLLS
2127,CLNE
2128,CLPT
2129,CLS
2130,CLSK
2131,CLVT
2132,CLX
2133,CMBM
2134,CMC
2135,CMCO
2136,CMCSA
2137,CME
2138,CMF
2139,CMG
2140,CMPR
2141,CMPS
2142,CMS
2143,CMTL
2144,CNA
2145,CNBS
2146,CNC
2147,CNDT
2148,CNH
2149,CNI
2150,CNK
2151,CNM
2152,CNP
2153,CNQ
2154,CNSL
2155,CNTA
2156,CNTY
2157,CNXC
2158,CNXT
2159,CNYA
2160,COCO
2161,CODI
2162,COF
2163,COHR
2164,COHU
2165,COIN
2166,COLB
2167,COLD
2168,COLL
2169,COMM
2170,COMP
2171,COMT
2172,CONY
2173,COO
2174,COOP
2175,COPX
2176,COR
2177,CORN
2178,CORZ
2179,COST
2180,COTY
2181,COUR
2182,COWZ
2183,CP
2184,CPA
2185,CPB
2186,CPNG
2187,CPRI
2188,CPRT
2189,CPRX
2190,CPS
2191,CPT
2192,CQQQ
2193,CRESY
2194,CRGY
2195,CRK
2196,CRL
2197,CRM
2198,CRNT
2199,CRNX
2200,CRON
2201,CROX
2202,CRSP
2203,CRSR
2204,CRUS
2205,CRVS
2206,CRWD
2207,CSB
2208,CSCO
2209,CSGP
2210,CSIQ
2211,CSTL
2212,CSWC
2213,CSWI
2214,CSX
2215,CTAS
2216,CTKB
2217,CTLP
2218,CTLT
2219,CTO
2220,CTRA
2221,CTRE
2222,CTRN
2223,CTSH
2224,CTVA
2225,CUBE
2226,CUBI
2227,CUE
2228,CUK
2229,CURE
2230,CUZ
2231,CVE
2232,CVNA
2233,CVRX
2234,CVS
2235,CVX
2236,CWAN
2237,CWB
2238,CWCO
2239,CWEB
2240,CWH
2241,CWK
2242,CWS
2243,CWST
2244,CWT
2245,CX
2246,CXM
2247,CXSE
2248,CXW
2249,CYBR
2250,CYH
2251,CYTK
2252,CZR
2253,D
2254,DAC
2255,DADA
2256,DAL
2257,DAN
2258,DAO
2259,DAR
2260,DASH
2261,DAVA
2262,DAVE
2263,DAWN
2264,DB
2265,DBA
2266,DBC
2267,DBI
2268,DBMF
2269,DBO
2270,DBRG
2271,DBX
2272,DCBO
2273,DCGO
2274,DD
2275,DDL
2276,DDM
2277,DDOG
2278,DE
2279,DEA
2280,DECK
2281,DEI
2282,DELL
2283,DEM
2284,DENN
2285,DESP
2286,DFAC
2287,DFAI
2288,DFAR
2289,DFH
2290,DFIN
2291,DFIV
2292,DFS
2293,DFSV
2294,DGII
2295,DGRO
2296,DGS
2297,DGX
2298,DHI
2299,DHR
2300,DHT
2301,DIA
2302,DIG
2303,DIN
2304,DINO
2305,DIS
2306,DIV
2307,DIVI
2308,DIVO
2309,DK
2310,DKL
2311,DKNG
2312,DKS
2313,DLB
2314,DLO
2315,DLR
2316,DLTH
2317,DLTR
2318,DLX
2319,DMAC
2320,DNB
2321,DNL
2322,DNLI
2323,DNN
2324,DNOW
2325,DNUT
2326,DOC
2327,DOCN
2328,DOCS
2329,DOCU
2330,DOG
2331,DOLE
2332,DOMO
2333,DON
2334,DOUG
2335,DOV
2336,DOW
2337,DOX
2338,DPZ
2339,DQ
2340,DRD
2341,DRI
2342,DRS
2343,DRVN
2344,DSGN
2345,DSI
2346,DSP
2347,DSTL
2348,DSX
2349,DT
2350,DTC
2351,DTCR
2352,DTE
2353,DTM
2354,DUOL
2355,DVA
2356,DVN
2357,DVY
2358,DWX
2359,DXC
2360,DXCM
2361,DXJ
2362,DXLG
2363,DY
2364,DYN
2365,EA
2366,EAF
2367,EAT
2368,EB
2369,EBAY
2370,EBC
2371,EBF
2372,EBND
2373,EBS
2374,EC
2375,ECNS
2376,ECVT
2377,ED
2378,EDU
2379,EDV
2380,EEM
2381,EETH
2382,EFAV
2383,EGBN
2384,EGHT
2385,EGO
2386,EGY
2387,EH
2388,EHC
2389,EIDO
2390,EIX
2391,EL
2392,ELAN
2393,ELP
2394,ELS
2395,ELV
2396,EMB
2397,EME
2398,EMLP
2399,EMN
2400,EMQQ
2401,EMR
2402,EMXC
2403,ENFR
2404,ENLC
2405,ENPH
2406,ENR
2407,ENSG
2408,ENTA
2409,ENTG
2410,ENVA
2411,EOLS
2412,EPAM
2413,EPD
2414,EPR
2415,EPRT
2416,EPS
2417,EQC
2418,EQH
2419,EQIX
2420,EQR
2421,EQT
2422,ERAS
2423,ERII
2424,ERJ
2425,ERX
2426,ESGE
2427,ESGU
2428,ESGV
2429,ESI
2430,ESNT
2431,ESPR
2432,ESRT
2433,ESS
2434,ESTC
2435,ET
2436,ETD
2437,ETN
2438,ETNB
2439,ETR
2440,ETSY
2441,ETWO
2442,EVC
2443,EVER
2444,EVGO
2445,EVH
2446,EVR
2447,EVRG
2448,EVRI
2449,EW
2450,EWBC
2451,EWC
2452,EWH
2453,EWJ
2454,EWM
2455,EWS
2456,EWTX
2457,EWU
2458,EWW
2459,EWZ
2460,EXAS
2461,EXE
2462,EXEL
2463,EXK
2464,EXLS
2465,EXPE
2466,EXPI
2467,EXR
2468,EXTR
2469,EYE
2470,EYPT
2471,EZA
2472,EZM
2473,EZPW
2474,EZU
2475,F
2476,FAF
2477,FANG
2478,FAS
2479,FAST
2480,FBP
2481,FBRT
2482,FBTC
2483,FCF
2484,FCFS
2485,FCPT
2486,FCX
2487,FDIG
2488,FDIS
2489,FDL
2490,FDMO
2491,FDMT
2492,FDN
2493,FDS
2494,FDX
2495,FE
2496,FENY
2497,FEPI
2498,FET
2499,FFIV
2500,FFTY
2501,FFWM
2502,FG
2503,FHB
2504,FHLC
2505,FI
2506,FIBK
2507,FICO
2508,FIDU
2509,FIGS
2510,FIP
2511,FIS
2512,FITB
2513,FIVE
2514,FIVN
2515,FIW
2516,FIXD
2517,FIZZ
2518,FL
2519,FLBR
2520,FLCH
2521,FLEX
2522,FLG
2523,FLGT
2524,FLIC
2525,FLJP
2526,FLL
2527,FLNG
2528,FLO
2529,FLOT
2530,FLR
2531,FLRN
2532,FLS
2533,FLUT
2534,FLUX
2535,FLWS
2536,FLYW
2537,FMAT
2538,FMC
2539,FMNB
2540,FMX
2541,FNA
2542,FNB
2543,FNDA
2544,FNDB
2545,FNDE
2546,FNDF
2547,FNDX
2548,FNF
2549,FNGS
2550,FNV
2551,FOA
2552,FOLD
2553,FOR
2554,CHWY
2555,FORM
2556,FOSL
2557,FOX
2558,FOXA
2559,FOXF
2560,FPE
2561,FPI
2562,FRDM
2563,FREL
2564,FREY
2565,FRGE
2566,FRO
2567,FROG
2568,FRPT
2569,FRSH
2570,FRT
2571,FSK
2572,FSLR
2573,FSM
2574,FSTA
2575,FTAI
2576,FTCS
2577,FTDR
2578,FTEC
2579,FTGC
2580,FTI
2581,FTLS
2582,FTNT
2583,FTRE
2584,FTSL
2585,FTXL
2586,FULT
2587,FUN
2588,FUTU
2589,FUTY
2590,FVRR
2591,FWONA
2592,FWRD
2593,FWRG
2594,FXE
2595,FXI
2596,FXY
2597,FYBR
2598,GAMB
2599,GAN
2600,GAP
2601,GBDC
2602,GBIL
2603,GBIO
2604,GBTC
2605,GBX
2606,GCC
2607,GCI
2608,GCT
2609,GD
2610,GDDY
2611,GDEN
2612,GDRX
2613,GDS
2614,GDX
2615,GDXJ
2616,GDYN
2617,GE
2618,GEHC
2619,GEN
2620,GENI
2621,GEO
2622,GEV
2623,GGAL
2624,GH
2625,GIL
2626,GILD
2627,GIS
2628,GL
2629,GLBE
2630,GLD
2631,GLIN
2632,GLNG
2633,GLPG
2634,GLPI
2635,GLW
2636,GM
2637,GME
2638,GMED
2639,GMRE
2640,GNE
2641,GNL
2642,GNR
2643,GNTX
2644,GO
2645,GOGL
2646,GOGO
2647,GOLD
2648,GOOD
2649,GOOG
2650,GOOGL
2651,GOOS
2652,GORV
2653,GOVT
2654,GOVZ
2655,GPC
2656,GPK
2657,GPMT
2658,GPN
2659,GPRE
2660,GPRO
2661,GRAB
2662,GRBK
2663,GRFS
2664,GRPN
2665,GRWG
2666,GS
2667,GSAT
2668,GSBD
2669,GSEW
2670,GSG
2671,GSIE
2672,GSIT
2673,GSK
2674,GSLC
2675,GSM
2676,GSY
2677,GT
2678,GTES
2679,GTLB
2680,GTX
2681,GTY
2682,GUSH
2683,ABBV
2684,GVA
2685,GVIP
2686,GWRE
2687,GWRS
2688,GXO
2689,HACK
2690,HAFC
2691,HAIN
2692,HALO
2693,HAS
2694,HASI
2695,HAYW
2696,HBAN
2697,HBI
2698,HBIO
2699,HBM
2700,HBNC
2701,HCA
2702,HCAT
2703,HCC
2704,HCP
2705,HCSG
2706,HD
2707,HDEF
2708,HDRO
2709,HDSN
2710,HDV
2711,HE
2712,HEAR
2713,HEFA
2714,HEI
2715,HES
2716,HESM
2717,HGV
2718,HHH
2719,HI
2720,HIG
2721,HII
2722,HIMS
2723,HIPS
2724,HIVE
2725,HIW
2726,HLF
2727,HLIT
2728,HLMN
2729,HLN
2730,HLNE
2731,HLT
2732,HLX
2733,HMC
2734,HMST
2735,HNST
2736,HOG
2737,HOLX
2738,HON
2739,HOPE
2740,HOUS
2741,HOWL
2742,HP
2743,HPE
2744,HPP
2745,HQY
2746,HR
2747,HRI
2748,HRMY
2749,HRTG
2750,HSBC
2751,HST
2752,HSY
2753,HTGC
2754,HTHT
2755,HTLD
2756,HTZ
2757,HUBS
2758,HUM
2759,HUMA
2760,HUN
2761,HUT
2762,HUYA
2763,HWKN
2764,HWM
2765,HYBB
2766,HYD
2767,HYG
2768,HYGH
2769,HYLN
2770,HYS
2771,HZO
2772,IAC
2773,IAG
2774,IAGG
2775,IAK
2776,IART
2777,IAS
2778,IAU
2779,IBB
2780,IBKR
2781,IBM
2782,ICE
2783,ICHR
2784,ICL
2785,ICLK
2786,ICLN
2787,ICLR
2788,ICVT
2789,IDCC
2790,IDEV
2791,IDRV
2792,IDV
2793,IDXX
2794,IDYA
2795,IEF
2796,IEFA
2797,IEI
2798,IEMG
2799,IEO
2800,IESC
2801,IETC
2802,IFF
2803,IGPT
2804,IGSB
2805,IGT
2806,IGV
2807,IHAK
2808,IHI
2809,IJH
2810,IJR
2811,ILCG
2812,ILF
2813,ILMN
2814,ILPT
2815,IMAX
2816,IMCG
2817,IMCR
2818,IMKTA
2819,IMMR
2820,IMTX
2821,IMVT
2822,INBX
2823,INCO
2824,INCY
2825,INDA
2826,INDV
2827,INDY
2828,INFA
2829,INFU
2830,INFY
2831,ING
2832,INMD
2833,INN
2834,INO
2835,INOD
2836,INSM
2837,INSW
2838,INTA
2839,INTU
2840,INVA
2841,INVE
2842,INVH
2843,IONQ
2844,IONS
2845,IOO
2846,IOT
2847,IOVA
2848,IP
2849,IPG
2850,IPSC
2851,IQ
2852,IQV
2853,IR
2854,IRDM
2855,IREN
2856,IRM
2857,IRT
2858,IRWD
2859,ISRG
2860,ITA
2861,ITB
2862,ITOS
2863,ITOT
2864,ITRI
2865,ITW
2866,IUSB
2867,IUSG
2868,IUSV
2869,IVE
2870,IVOG
2871,IVOO
2872,IVR
2873,IVV
2874,IVW
2875,IVZ
2876,IWB
2877,IWD
2878,IWF
2879,IWM
2880,IWN
2881,IWR
2882,IWS
2883,IWV
2884,IXC
2885,IXJ
2886,IXN
2887,IXP
2888,IXUS
2889,IYE
2890,IYF
2891,IYH
2892,IYR
2893,IYT
2894,IYW
2895,IYY
2896,J
2897,JAAA
2898,JACK
2899,JAKK
2900,JAMF
2901,JAZZ
2902,JBHT
2903,JBI
2904,JBL
2905,JBLU
2906,JCI
2907,JD
2908,JEF
2909,JELD
2910,JEPI
2911,JEPQ
2912,JHG
2913,JHMM
2914,JKS
2915,JLL
2916,JMIA
2917,JMST
2918,JNJ
2919,JNK
2920,JNPR
2921,JNUG
2922,JOBY
2923,JOE
2924,JPM
2925,JPST
2926,JQUA
2927,JRVR
2928,JWN
2929,JYNT
2930,KALV
2931,KB
2932,KBE
2933,KBH
2934,KBWB
2935,KBWD
2936,KBWP
2937,KCCA
2938,KD
2939,KDP
2940,KE
2941,KEN
2942,KEP
2943,KEX
2944,KEYS
2945,KGC
2946,KHC
2947,KIM
2948,KIND
2949,KIRK
2950,KLAC
2951,KLG
2952,KLIC
2953,KLIP
2954,KMB
2955,KMDA
2956,KMI
2957,KMLM
2958,KNDI
2959,KNOP
2960,KNSA
2961,KNSL
2962,KNX
2963,KO
2964,KOD
2965,KODK
2966,KOF
2967,KOPN
2968,KOS
2969,KRC
2970,KRE
2971,KREF
2972,KRNT
2973,KRO
2974,KSA
2975,KSS
2976,KTB
2977,KTOS
2978,KURA
2979,KURE
2980,KVUE
2981,KW
2982,KWEB
2983,KYMR
2984,LABU
2985,LADR
2986,LAKE
2987,LAMR
2988,LAND
2989,LAUR
2990,LAW
2991,LAZ
2992,LBRDK
2993,LBRT
2994,LBTYA
2995,LBTYK
2996,LC
2997,LDOS
2998,LEA
2999,LECO
3000,LEN
3001,LESL
3002,LFCR
3003,LFMD
3004,LFST
3005,LFVN
3006,LGTY
3007,LH
3008,LHX
3009,LI
3010,LIN
3011,LIND
3012,LIT
3013,LITE
3014,LLY
3015,LMND
3016,LMNR
3017,LMT
3018,LNG
3019,LNTH
3020,LNW
3021,LOB
3022,LOCO
3023,LOGC
3024,LOGI
3025,LOVE
3026,LOW
3027,LPG
3028,LPLA
3029,LPX
3030,LQD
3031,LQDA
3032,LRCX
3033,LRN
3034,LRNZ
3035,LSCC
3036,LTH
3037,LTPZ
3038,LTRN
3039,LU
3040,LULU
3041,LUMN
3042,LUNA
3043,LVLU
3044,LVS
3045,LW
3046,LX
3047,LXFR
3048,LXP
3049,LXU
3050,LYB
3051,LYFT
3052,LYG
3053,LYV
3054,LZ
3055,MA
3056,MAG
3057,MAGN
3058,MAN
3059,MANH
3060,MANU
3061,MAR
3062,MARA
3063,MAS
3064,MASI
3065,MAT
3066,MATV
3067,MATW
3068,MATX
3069,MAX
3070,MBB
3071,MBC
3072,MBI
3073,MBIN
3074,MBLY
3075,MBUU
3076,MC
3077,MCD
3078,MCFT
3079,MCHI
3080,MCHP
3081,MCK
3082,MCW
3083,MD
3084,MDB
3085,MDGL
3086,MDLZ
3087,MDXG
3088,MDYG
3089,MED
3090,MEG
3091,MEI
3092,MELI
3093,MEOH
3094,META
3095,METC
3096,METV
3097,MEXX
3098,MFA
3099,MFC
3100,MFG
3101,MG
3102,MGA
3103,MGC
3104,MGK
3105,MGM
3106,MGNI
3107,MGNX
3108,MGTX
3109,MGV
3110,MGY
3111,MHO
3112,MIDD
3113,MINT
3114,MIRM
3115,MITK
3116,MITT
3117,MJ
3118,MKC
3119,MKTX
3120,ML
3121,MLCO
3122,MLNK
3123,MLPX
3124,MLR
3125,MMC
3126,MMM
3127,MMYT
3128,MNDY
3129,MNKD
3130,MNMD
3131,MNOV
3132,MNSO
3133,MNST
3134,MOAT
3135,MODG
3136,MODV
3137,MOH
3138,MOO
3139,MORT
3140,MOS
3141,MOV
3142,MPC
3143,MPLX
3144,MPW
3145,MPWR
3146,MQ
3147,MRC
3148,MRCY
3149,MRK
3150,MRNA
3151,MRSN
3152,MRUS
3153,MRVI
3154,MRVL
3155,MS
3156,MSCI
3157,MSFO
3158,MSFT
3159,MSGE
3160,MSGS
3161,MSI
3162,MSM
3163,MSOS
3164,MSTR
3165,MTA
3166,MTB
3167,MTDR
3168,MTLS
3169,MTN
3170,MTUM
3171,MTZ
3172,MU
3173,MUB
3174,MUFG
3175,MUR
3176,MURA
3177,MUX
3178,MWA
3179,MXL
3180,MYE
3181,MYGN
3182,MYPS
3183,NAMS
3184,NAPA
3185,NARI
3186,NAT
3187,NAUT
3188,NAVI
3189,NBIX
3190,NBR
3191,NCLH
3192,NCNO
3193,NE
3194,NEAR
3195,NEE
3196,NEM
3197,NEO
3198,NEOG
3199,NEP
3200,NET
3201,NEWT
3202,NFE
3203,NFG
3204,NFLX
3205,NFLY
3206,NGG
3207,NGS
3208,NGVC
3209,NHI
3210,NHTC
3211,NI
3212,NJR
3213,NKE
3214,NKTX
3215,NLOP
3216,NLR
3217,NLY
3218,NMFC
3219,NMIH
3220,NMM
3221,NMRK
3222,NNDM
3223,NOC
3224,NOK
3225,NOMD
3226,NOTV
3227,NOV
3228,NOVA
3229,NOW
3230,NRDS
3231,NRGV
3232,NRIX
3233,NRP
3234,NSA
3235,NSC
3236,NSSC
3237,NTB
3238,NTCT
3239,NTES
3240,NTGR
3241,NTLA
3242,NTNX
3243,NTR
3244,NTRA
3245,NTRS
3246,NTST
3247,NTSX
3248,NU
3249,NUE
3250,NUGT
3251,NUS
3252,NUSI
3253,NUVB
3254,NUVL
3255,NVCR
3256,NVDA
3257,NVDL
3258,NVDU
3259,NVDY
3260,NVGS
3261,NVMI
3262,NVO
3263,NVRI
3264,NVRO
3265,NVS
3266,NVST
3267,NVT
3268,NVTS
3269,NVX
3270,NWBI
3271,NWE
3272,NWN
3273,NWSA
3274,NXDT
3275,NXPI
3276,NXST
3277,NYT
3278,O
3279,OBDC
3280,ODD
3281,ODFL
3282,ODP
3283,OEC
3284,OFIX
3285,OGE
3286,OGIG
3287,OGN
3288,OIH
3289,OII
3290,OIS
3291,OKE
3292,OKTA
3293,OLED
3294,OLLI
3295,OLPX
3296,OMAB
3297,OMC
3298,OMCL
3299,OMER
3300,OMF
3301,OMFL
3302,OMI
3303,ON
3304,ONEQ
3305,ONL
3306,ONLN
3307,ONON
3308,ONTF
3309,ONTO
3310,OOMA
3311,OPCH
3312,OPEN
3313,OPFI
3314,OPK
3315,OPRX
3316,OR
3317,ORA
3318,ORC
3319,ORCL
3320,ORI
3321,ORLY
3322,ORMP
3323,ORN
3324,OSCR
3325,OSK
3326,OSUR
3327,OSW
3328,OTEX
3329,OTIS
3330,OTTR
3331,OUT
3332,OVV
3333,OWL
3334,OXSQ
3335,OXY
3336,OZK
3337,PAA
3338,PAAS
3339,PACK
3340,PAGP
3341,PAGS
3342,PANW
3343,PAR
3344,PARA
3345,PARR
3346,PATH
3347,PAVE
3348,PAX
3349,PAY
3350,PAYC
3351,PAYO
3352,PAYS
3353,PAYX
3354,PBA
3355,PBD
3356,PBI
3357,PBPB
3358,PBR
3359,PBW
3360,PBYI
3361,PCG
3362,PCOR
3363,PCRX
3364,PCT
3365,PCTY
3366,PCVX
3367,PCY
3368,PD
3369,PDBC
3370,PDD
3371,PDM
3372,PEBO
3373,PEG
3374,PEGA
3375,PENG
3376,PENN
3377,PEP
3378,PETS
3379,PFFD
3380,PFFV
3381,PFG
3382,PFGC
3383,PFLT
3384,PFSI
3385,PG
3386,PGNY
3387,PGR
3388,PGRE
3389,PH
3390,PHAT
3391,PHM
3392,PI
3393,PICK
3394,PID
3395,PII
3396,PINS
3397,PKB
3398,PLAY
3399,PLD
3400,PLNT
3401,PLOW
3402,PLRX
3403,PLTR
3404,PLUG
3405,PLYA
3406,PM
3407,PMT
3408,PMVP
3409,PNR
3410,PNTG
3411,PODD
3412,POR
3413,POWW
3414,PPA
3415,PPBI
3416,PPC
3417,PPG
3418,PPL
3419,PR
3420,PRA
3421,PRCH
3422,PRDO
3423,PRG
3424,PRGO
3425,PRGS
3426,PRI
3427,PRIM
3428,PRKS
3429,PRLB
3430,PRM
3431,PRMB
3432,PRNT
3433,PRO
3434,PSA
3435,PSCC
3436,PSCT
3437,PSI
3438,PSN
3439,PSNL
3440,PSTG
3441,PSTX
3442,PTC
3443,PTCT
3444,PTEN
3445,PTF
3446,PTGX
3447,PTON
3448,PUBM
3449,PULS
3450,PVH
3451,PWB
3452,PWP
3453,PWR
3454,PX
3455,PXE
3456,PXF
3457,PXH
3458,PYPL
3459,PZA
3460,QCOM
3461,QDEL
3462,QDTE
3463,QGEN
3464,QID
3465,QLD
3466,QLYS
3467,QMOM
3468,QQH
3469,QQQ
3470,QQQE
3471,QQQI
3472,QQQM
3473,QQQY
3474,QS
3475,QSI
3476,QSR
3477,QTRX
3478,QTTB
3479,QUAD
3480,QUAL
3481,QURE
3482,QXO
3483,QYLD
3484,QYLG
3485,R
3486,RAMP
3487,RAPT
